"SSN","Agency","PayrollOfficeNo","Location","Name","Reason","DataOnSF3100","TotalCulmulative","CorrectedData","Overstatement","TotalCulmulativeDeductions","DOB","SF3100Data2","SF3100CorrectedData2","SF3100Data","SF3100CorrectedData","SF3100CorrectedData3","SF2812Number","Register","SF2812Dated","SF3100Data3","Title","TelephoneNumber","RegisterDated","DateSigned"
"111-22-3333","NSA","NSA Payroll","Hidden","John Doe","Because we like you","07/02/2018","$0.01","07/02/2018","Data","$0.01","01/01/1970","Data 2","Correction 2","Data","Correction","Correction 3","1234","Clark Kent","01/01/1971","Data 3","Daily Reporter","555-555-5555","07/02/2018","07/02/2018"
111-22-3333,"NSA","NSA Payroll",,"John Doe","","07/02/2018","$0.01","07/02/2018","Data","$0.01","01/01/1970","Data 2","Correction 2","Data","Correction","Correction 3","1234","Clark Kent","01/01/1971","Data 3","Daily Reporter","555-555-5555","07/02/2018","07/02/2018"
"111-22-3333","NSA","NSA Payroll","123 Superman Dr.
Metropolis, IL 55555","John Doe","Because we like you","07/02/2018","$0.01","07/02/2018","Data","$0.01","01/01/1970","Data 2","Correction 2","Data","Correction","Correction 3","1234","Clark Kent","01/01/1971","Data 3","Daily Reporter","555-555-5555","07/02/2018","07/02/2018"
"111-22-3333","NSA","NSA Payroll","Hidden","John Doe","Because we like you","07/02/2018","$0.01","07/02/2018","Data","$0.01","01/01/1970","Data 2","Correction 2","Data","Correction","Correction 3","1234","Clark Kent","01/01/1971","Data 3","Daily Reporter","555-555-5555","07/02/2018","07/02/2018"
"111-22-3333","NSA","NSA Payroll","Hidden","John Doe","Because we like you","07/02/2018","$0.01","07/02/2018","Data","$0.01","01/01/1970","Data 2","Correction 2","Data","Correction","Correction 3","1234","Clark Kent","01/01/1971","Data 3","Daily Reporter","555-555-5555","07/02/2018","07/02/2018"
"111-22-3333","NSA","NSA Payroll","Hidden","John Doe","Because we like you","07/02/2018","$0.01","07/02/2018","Data","$0.01","01/01/1970","Data 2","Correction 2","Data","Correction","Correction 3","1234","Clark Kent","01/01/1971","Data 3","Daily Reporter","555-555-5555","07/02/2018","07/02/2018"
"111-22-3333","NSA","NSA Payroll","Hidden","John Doe","Because we like you","07/02/2018","$0.01","07/02/2018","Data","$0.01","01/01/1970","Data 2","Correction 2","Data","Correction","Correction 3","1234","Clark Kent","01/01/1971","Data 3","Daily Reporter","555-555-5555","07/02/2018","07/02/2018"
"111-22-3333","NSA","NSA Payroll","Hidden","John Doe","Because we like you","07/02/2018","$0.01","07/02/2018","Data","$0.01","01/01/1970","Data 2","Correction 2","Data","Correction","Correction 3","1234","Clark Kent","01/01/1971","Data 3","Daily Reporter","555-555-5555","07/02/2018","07/02/2018"
"111-22-3333","NSA","NSA Payroll","Hidden","John Doe","Because we like you","07/02/2018","$0.01","07/02/2018","Data","$0.01","01/01/1970","Data 2","Correction 2","Data","Correction","Correction 3","1234","Clark Kent","01/01/1971","Data 3","Daily Reporter","555-555-5555","07/02/2018","07/02/2018"
"111-22-3333","NSA","NSA Payroll","Hidden","John Doe","Because we like you","07/02/2018","$0.01","07/02/2018","Data","$0.01","01/01/1970","Data 2","Correction 2","Data","Correction","Correction 3","1234","Clark Kent","01/01/1971","Data 3","Daily Reporter","555-555-5555","07/02/2018","07/02/2018"
"111-22-3333","NSA","NSA Payroll","Hidden","John Doe","Because we like you","07/02/2018","$0.01","07/02/2018","Data","$0.01","01/01/1970","Data 2","Correction 2","Data","Correction","Correction 3","1234","Clark Kent","01/01/1971","Data 3","Daily Reporter","555-555-5555","07/02/2018","07/02/2018"
"111-22-3333","NSA","NSA Payroll","Hidden","John Doe","Because we like you","07/02/2018","$0.01","07/02/2018","Data","$0.01","01/01/1970","Data 2","Correction 2","Data","Correction","Correction 3","1234","Clark Kent","01/01/1971","Data 3","Daily Reporter","555-555-5555","07/02/2018","07/02/2018"
"111-22-3333","NSA","NSA Payroll","Hidden","John Doe","Because we like you","07/02/2018","$0.01","07/02/2018","Data","$0.01","01/01/1970","Data 2","Correction 2","Data","Correction","Correction 3","1234","Clark Kent","01/01/1971","Data 3","Daily Reporter","555-555-5555","07/02/2018","07/02/2018"
"111-22-3333","NSA","NSA Payroll","Hidden","John Doe","Because we like you","07/02/2018","$0.01","07/02/2018","Data","$0.01","01/01/1970","Data 2","Correction 2","Data","Correction","Correction 3","1234","Clark Kent","01/01/1971","Data 3","Daily Reporter","555-555-5555","07/02/2018","07/02/2018"
"111-22-3333","NSA","NSA Payroll","Hidden","John Doe","Because we like you","07/02/2018","$0.01","07/02/2018","Data","$0.01","01/01/1970","Data 2","Correction 2","Data","Correction","Correction 3","1234","Clark Kent","01/01/1971","Data 3","Daily Reporter","555-555-5555","07/02/2018","07/02/2018"
"111-22-3333","NSA","NSA Payroll","Hidden","John Doe","Because we like you","07/02/2018","$0.01","07/02/2018","Data","$0.01","01/01/1970","Data 2","Correction 2","Data","Correction","Correction 3","1234","Clark Kent","01/01/1971","Data 3","Daily Reporter","555-555-5555","07/02/2018","07/02/2018"
"111-22-3333","NSA","NSA Payroll","Hidden","John Doe","Because we like you","07/02/2018","$0.01","07/02/2018","Data","$0.01","01/01/1970","Data 2","Correction 2","Data","Correction","Correction 3","1234","Clark Kent","01/01/1971","Data 3","Daily Reporter","555-555-5555","07/02/2018","07/02/2018"
"111-22-3333","NSA","NSA Payroll","Hidden","John Doe","Because we like you","07/02/2018","$0.01","07/02/2018","Data","$0.01","01/01/1970","Data 2","Correction 2","Data","Correction","Correction 3","1234","Clark Kent","01/01/1971","Data 3","Daily Reporter","555-555-5555","07/02/2018","07/02/2018"
"111-22-3333","NSA","NSA Payroll","Hidden","John Doe","Because we like you","07/02/2018","$0.01","07/02/2018","Data","$0.01","01/01/1970","Data 2","Correction 2","Data","Correction","Correction 3","1234","Clark Kent","01/01/1971","Data 3","Daily Reporter","555-555-5555","07/02/2018","07/02/2018"
"111-22-3333","NSA","NSA Payroll","Hidden","John Doe","Because we like you","07/02/2018","$0.01","07/02/2018","Data","$0.01","01/01/1970","Data 2","Correction 2","Data","Correction","Correction 3","1234","Clark Kent","01/01/1971","Data 3","Daily Reporter","555-555-5555","07/02/2018","07/02/2018"
"111-22-3333","NSA","NSA Payroll","Hidden","John Doe","Because we like you","07/02/2018","$0.01","07/02/2018","Data","$0.01","01/01/1970","Data 2","Correction 2","Data","Correction","Correction 3","1234","Clark Kent","01/01/1971","Data 3","Daily Reporter","555-555-5555","07/02/2018","07/02/2018"
"111-22-3333","NSA","NSA Payroll","Hidden","John Doe","Because we like you","07/02/2018","$0.01","07/02/2018","Data","$0.01","01/01/1970","Data 2","Correction 2","Data","Correction","Correction 3","1234","Clark Kent","01/01/1971","Data 3","Daily Reporter","555-555-5555","07/02/2018","07/02/2018"
"111-22-3333","NSA","NSA Payroll","Hidden","John Doe","Because we like you","07/02/2018","$0.01","07/02/2018","Data","$0.01","01/01/1970","Data 2","Correction 2","Data","Correction","Correction 3","1234","Clark Kent","01/01/1971","Data 3","Daily Reporter","555-555-5555","07/02/2018","07/02/2018"
"111-22-3333","NSA","NSA Payroll","Hidden","John Doe","Because we like you","07/02/2018","$0.01","07/02/2018","Data","$0.01","01/01/1970","Data 2","Correction 2","Data","Correction","Correction 3","1234","Clark Kent","01/01/1971","Data 3","Daily Reporter","555-555-5555","07/02/2018","07/02/2018"
"111-22-3333","NSA","NSA Payroll","Hidden","John Doe","Because we like you","07/02/2018","$0.01","07/02/2018","Data","$0.01","01/01/1970","Data 2","Correction 2","Data","Correction","Correction 3","1234","Clark Kent","01/01/1971","Data 3","Daily Reporter","555-555-5555","07/02/2018","07/02/2018"
"111-22-3333","NSA","NSA Payroll","Hidden","John Doe","Because we like you","07/02/2018","$0.01","07/02/2018","Data","$0.01","01/01/1970","Data 2","Correction 2","Data","Correction","Correction 3","1234","Clark Kent","01/01/1971","Data 3","Daily Reporter","555-555-5555","07/02/2018","07/02/2018"
"111-22-3333","NSA","NSA Payroll","Hidden","John Doe","Because we like you","07/02/2018","$0.01","07/02/2018","Data","$0.01","01/01/1970","Data 2","Correction 2","Data","Correction","Correction 3","1234","Clark Kent","01/01/1971","Data 3","Daily Reporter","555-555-5555","07/02/2018","07/02/2018"
"111-22-3333","NSA","NSA Payroll","Hidden","John Doe","Because we like you","07/02/2018","$0.01","07/02/2018","Data","$0.01","01/01/1970","Data 2","Correction 2","Data","Correction","Correction 3","1234","Clark Kent","01/01/1971","Data 3","Daily Reporter","555-555-5555","07/02/2018","07/02/2018"
"111-22-3333","NSA","NSA Payroll","Hidden","John Doe","Because we like you","07/02/2018","$0.01","07/02/2018","Data","$0.01","01/01/1970","Data 2","Correction 2","Data","Correction","Correction 3","1234","Clark Kent","01/01/1971","Data 3","Daily Reporter","555-555-5555","07/02/2018","07/02/2018"
"111-22-3333","NSA","NSA Payroll","Hidden","John Doe","Because we like you","07/02/2018","$0.01","07/02/2018","Data","$0.01","01/01/1970","Data 2","Correction 2","Data","Correction","Correction 3","1234","Clark Kent","01/01/1971","Data 3","Daily Reporter","555-555-5555","07/02/2018","07/02/2018"
"111-22-3333","NSA","NSA Payroll","Hidden","John Doe","Because we like you","07/02/2018","$0.01","07/02/2018","Data","$0.01","01/01/1970","Data 2","Correction 2","Data","Correction","Correction 3","1234","Clark Kent","01/01/1971","Data 3","Daily Reporter","555-555-5555","07/02/2018","07/02/2018"
"111-22-3333","NSA","NSA Payroll","Hidden","John Doe","Because we like you","07/02/2018","$0.01","07/02/2018","Data","$0.01","01/01/1970","Data 2","Correction 2","Data","Correction","Correction 3","1234","Clark Kent","01/01/1971","Data 3","Daily Reporter","555-555-5555","07/02/2018","07/02/2018"
"111-22-3333","NSA","NSA Payroll","Hidden","John Doe","Because we like you","07/02/2018","$0.01","07/02/2018","Data","$0.01","01/01/1970","Data 2","Correction 2","Data","Correction","Correction 3","1234","Clark Kent","01/01/1971","Data 3","Daily Reporter","555-555-5555","07/02/2018","07/02/2018"
"111-22-3333","NSA","NSA Payroll","Hidden","John Doe","Because we like you","07/02/2018","$0.01","07/02/2018","Data","$0.01","01/01/1970","Data 2","Correction 2","Data","Correction","Correction 3","1234","Clark Kent","01/01/1971","Data 3","Daily Reporter","555-555-5555","07/02/2018","07/02/2018"
"111-22-3333","NSA","NSA Payroll","Hidden","John Doe","Because we like you","07/02/2018","$0.01","07/02/2018","Data","$0.01","01/01/1970","Data 2","Correction 2","Data","Correction","Correction 3","1234","Clark Kent","01/01/1971","Data 3","Daily Reporter","555-555-5555","07/02/2018","07/02/2018"
"111-22-3333","NSA","NSA Payroll","Hidden","John Doe","Because we like you","07/02/2018","$0.01","07/02/2018","Data","$0.01","01/01/1970","Data 2","Correction 2","Data","Correction","Correction 3","1234","Clark Kent","01/01/1971","Data 3","Daily Reporter","555-555-5555","07/02/2018","07/02/2018"
"111-22-3333","NSA","NSA Payroll","Hidden","John Doe","Because we like you","07/02/2018","$0.01","07/02/2018","Data","$0.01","01/01/1970","Data 2","Correction 2","Data","Correction","Correction 3","1234","Clark Kent","01/01/1971","Data 3","Daily Reporter","555-555-5555","07/02/2018","07/02/2018"
"111-22-3333","NSA","NSA Payroll","Hidden","John Doe","Because we like you","07/02/2018","$0.01","07/02/2018","Data","$0.01","01/01/1970","Data 2","Correction 2","Data","Correction","Correction 3","1234","Clark Kent","01/01/1971","Data 3","Daily Reporter","555-555-5555","07/02/2018","07/02/2018"
"111-22-3333","NSA","NSA Payroll","Hidden","John Doe","Because we like you","07/02/2018","$0.01","07/02/2018","Data","$0.01","01/01/1970","Data 2","Correction 2","Data","Correction","Correction 3","1234","Clark Kent","01/01/1971","Data 3","Daily Reporter","555-555-5555","07/02/2018","07/02/2018"
"111-22-3333","NSA","NSA Payroll","Hidden","John Doe","Because we like you","07/02/2018","$0.01","07/02/2018","Data","$0.01","01/01/1970","Data 2","Correction 2","Data","Correction","Correction 3","1234","Clark Kent","01/01/1971","Data 3","Daily Reporter","555-555-5555","07/02/2018","07/02/2018"
"111-22-3333","NSA","NSA Payroll","Hidden","John Doe","Because we like you","07/02/2018","$0.01","07/02/2018","Data","$0.01","01/01/1970","Data 2","Correction 2","Data","Correction","Correction 3","1234","Clark Kent","01/01/1971","Data 3","Daily Reporter","555-555-5555","07/02/2018","07/02/2018"
"111-22-3333","NSA","NSA Payroll","Hidden","John Doe","Because we like you","07/02/2018","$0.01","07/02/2018","Data","$0.01","01/01/1970","Data 2","Correction 2","Data","Correction","Correction 3","1234","Clark Kent","01/01/1971","Data 3","Daily Reporter","555-555-5555","07/02/2018","07/02/2018"
"111-22-3333","NSA","NSA Payroll","Hidden","John Doe","Because we like you","07/02/2018","$0.01","07/02/2018","Data","$0.01","01/01/1970","Data 2","Correction 2","Data","Correction","Correction 3","1234","Clark Kent","01/01/1971","Data 3","Daily Reporter","555-555-5555","07/02/2018","07/02/2018"
"111-22-3333","NSA","NSA Payroll","Hidden","John Doe","Because we like you","07/02/2018","$0.01","07/02/2018","Data","$0.01","01/01/1970","Data 2","Correction 2","Data","Correction","Correction 3","1234","Clark Kent","01/01/1971","Data 3","Daily Reporter","555-555-5555","07/02/2018","07/02/2018"
"111-22-3333","NSA","NSA Payroll","Hidden","John Doe","Because we like you","07/02/2018","$0.01","07/02/2018","Data","$0.01","01/01/1970","Data 2","Correction 2","Data","Correction","Correction 3","1234","Clark Kent","01/01/1971","Data 3","Daily Reporter","555-555-5555","07/02/2018","07/02/2018"
"111-22-3333","NSA","NSA Payroll","Hidden","John Doe","Because we like you","07/02/2018","$0.01","07/02/2018","Data","$0.01","01/01/1970","Data 2","Correction 2","Data","Correction","Correction 3","1234","Clark Kent","01/01/1971","Data 3","Daily Reporter","555-555-5555","07/02/2018","07/02/2018"
"111-22-3333","NSA","NSA Payroll","Hidden","John Doe","Because we like you","07/02/2018","$0.01","07/02/2018","Data","$0.01","01/01/1970","Data 2","Correction 2","Data","Correction","Correction 3","1234","Clark Kent","01/01/1971","Data 3","Daily Reporter","555-555-5555","07/02/2018","07/02/2018"
"111-22-3333","NSA","NSA Payroll","Hidden","John Doe","Because we like you","07/02/2018","$0.01","07/02/2018","Data","$0.01","01/01/1970","Data 2","Correction 2","Data","Correction","Correction 3","1234","Clark Kent","01/01/1971","Data 3","Daily Reporter","555-555-5555","07/02/2018","07/02/2018"
"111-22-3333","NSA","NSA Payroll","Hidden","John Doe","Because we like you","07/02/2018","$0.01","07/02/2018","Data","$0.01","01/01/1970","Data 2","Correction 2","Data","Correction","Correction 3","1234","Clark Kent","01/01/1971","Data 3","Daily Reporter","555-555-5555","07/02/2018","07/02/2018"
"111-22-3333","NSA","NSA Payroll","Hidden","John Doe","Because we like you","07/02/2018","$0.01","07/02/2018","Data","$0.01","01/01/1970","Data 2","Correction 2","Data","Correction","Correction 3","1234","Clark Kent","01/01/1971","Data 3","Daily Reporter","555-555-5555","07/02/2018","07/02/2018"
"111-22-3333","NSA","NSA Payroll","Hidden","John Doe","Because we like you","07/02/2018","$0.01","07/02/2018","Data","$0.01","01/01/1970","Data 2","Correction 2","Data","Correction","Correction 3","1234","Clark Kent","01/01/1971","Data 3","Daily Reporter","555-555-5555","07/02/2018","07/02/2018"
"111-22-3333","NSA","NSA Payroll","Hidden","John Doe","Because we like you","07/02/2018","$0.01","07/02/2018","Data","$0.01","01/01/1970","Data 2","Correction 2","Data","Correction","Correction 3","1234","Clark Kent","01/01/1971","Data 3","Daily Reporter","555-555-5555","07/02/2018","07/02/2018"
"111-22-3333","NSA","NSA Payroll","Hidden","John Doe","Because we like you","07/02/2018","$0.01","07/02/2018","Data","$0.01","01/01/1970","Data 2","Correction 2","Data","Correction","Correction 3","1234","Clark Kent","01/01/1971","Data 3","Daily Reporter","555-555-5555","07/02/2018","07/02/2018"
"111-22-3333","NSA","NSA Payroll","Hidden","John Doe","Because we like you","07/02/2018","$0.01","07/02/2018","Data","$0.01","01/01/1970","Data 2","Correction 2","Data","Correction","Correction 3","1234","Clark Kent","01/01/1971","Data 3","Daily Reporter","555-555-5555","07/02/2018","07/02/2018"
"111-22-3333","NSA","NSA Payroll","Hidden","John Doe","Because we like you","07/02/2018","$0.01","07/02/2018","Data","$0.01","01/01/1970","Data 2","Correction 2","Data","Correction","Correction 3","1234","Clark Kent","01/01/1971","Data 3","Daily Reporter","555-555-5555","07/02/2018","07/02/2018"
"111-22-3333","NSA","NSA Payroll","Hidden","John Doe","Because we like you","07/02/2018","$0.01","07/02/2018","Data","$0.01","01/01/1970","Data 2","Correction 2","Data","Correction","Correction 3","1234","Clark Kent","01/01/1971","Data 3","Daily Reporter","555-555-5555","07/02/2018","07/02/2018"
"111-22-3333","NSA","NSA Payroll","Hidden","John Doe","Because we like you","07/02/2018","$0.01","07/02/2018","Data","$0.01","01/01/1970","Data 2","Correction 2","Data","Correction","Correction 3","1234","Clark Kent","01/01/1971","Data 3","Daily Reporter","555-555-5555","07/02/2018","07/02/2018"
"111-22-3333","NSA","NSA Payroll","Hidden","John Doe","Because we like you","07/02/2018","$0.01","07/02/2018","Data","$0.01","01/01/1970","Data 2","Correction 2","Data","Correction","Correction 3","1234","Clark Kent","01/01/1971","Data 3","Daily Reporter","555-555-5555","07/02/2018","07/02/2018"
"111-22-3333","NSA","NSA Payroll","Hidden","John Doe","Because we like you","07/02/2018","$0.01","07/02/2018","Data","$0.01","01/01/1970","Data 2","Correction 2","Data","Correction","Correction 3","1234","Clark Kent","01/01/1971","Data 3","Daily Reporter","555-555-5555","07/02/2018","07/02/2018"
"111-22-3333","NSA","NSA Payroll","Hidden","John Doe","Because we like you","07/02/2018","$0.01","07/02/2018","Data","$0.01","01/01/1970","Data 2","Correction 2","Data","Correction","Correction 3","1234","Clark Kent","01/01/1971","Data 3","Daily Reporter","555-555-5555","07/02/2018","07/02/2018"
"111-22-3333","NSA","NSA Payroll","Hidden","John Doe","Because we like you","07/02/2018","$0.01","07/02/2018","Data","$0.01","01/01/1970","Data 2","Correction 2","Data","Correction","Correction 3","1234","Clark Kent","01/01/1971","Data 3","Daily Reporter","555-555-5555","07/02/2018","07/02/2018"
"111-22-3333","NSA","NSA Payroll","Hidden","John Doe","Because we like you","07/02/2018","$0.01","07/02/2018","Data","$0.01","01/01/1970","Data 2","Correction 2","Data","Correction","Correction 3","1234","Clark Kent","01/01/1971","Data 3","Daily Reporter","555-555-5555","07/02/2018","07/02/2018"
"111-22-3333","NSA","NSA Payroll","Hidden","John Doe","Because we like you","07/02/2018","$0.01","07/02/2018","Data","$0.01","01/01/1970","Data 2","Correction 2","Data","Correction","Correction 3","1234","Clark Kent","01/01/1971","Data 3","Daily Reporter","555-555-5555","07/02/2018","07/02/2018"
"111-22-3333","NSA","NSA Payroll","Hidden","John Doe","Because we like you","07/02/2018","$0.01","07/02/2018","Data","$0.01","01/01/1970","Data 2","Correction 2","Data","Correction","Correction 3","1234","Clark Kent","01/01/1971","Data 3","Daily Reporter","555-555-5555","07/02/2018","07/02/2018"
"111-22-3333","NSA","NSA Payroll","Hidden","John Doe","Because we like you","07/02/2018","$0.01","07/02/2018","Data","$0.01","01/01/1970","Data 2","Correction 2","Data","Correction","Correction 3","1234","Clark Kent","01/01/1971","Data 3","Daily Reporter","555-555-5555","07/02/2018","07/02/2018"
"111-22-3333","NSA","NSA Payroll","Hidden","John Doe","Because we like you","07/02/2018","$0.01","07/02/2018","Data","$0.01","01/01/1970","Data 2","Correction 2","Data","Correction","Correction 3","1234","Clark Kent","01/01/1971","Data 3","Daily Reporter","555-555-5555","07/02/2018","07/02/2018"
"111-22-3333","NSA","NSA Payroll","Hidden","John Doe","Because we like you","07/02/2018","$0.01","07/02/2018","Data","$0.01","01/01/1970","Data 2","Correction 2","Data","Correction","Correction 3","1234","Clark Kent","01/01/1971","Data 3","Daily Reporter","555-555-5555","07/02/2018","07/02/2018"
"111-22-3333","NSA","NSA Payroll","Hidden","John Doe","Because we like you","07/02/2018","$0.01","07/02/2018","Data","$0.01","01/01/1970","Data 2","Correction 2","Data","Correction","Correction 3","1234","Clark Kent","01/01/1971","Data 3","Daily Reporter","555-555-5555","07/02/2018","07/02/2018"
"111-22-3333","NSA","NSA Payroll","Hidden","John Doe","Because we like you","07/02/2018","$0.01","07/02/2018","Data","$0.01","01/01/1970","Data 2","Correction 2","Data","Correction","Correction 3","1234","Clark Kent","01/01/1971","Data 3","Daily Reporter","555-555-5555","07/02/2018","07/02/2018"
"111-22-3333","NSA","NSA Payroll","Hidden","John Doe","Because we like you","07/02/2018","$0.01","07/02/2018","Data","$0.01","01/01/1970","Data 2","Correction 2","Data","Correction","Correction 3","1234","Clark Kent","01/01/1971","Data 3","Daily Reporter","555-555-5555","07/02/2018","07/02/2018"
"111-22-3333","NSA","NSA Payroll","Hidden","John Doe","Because we like you","07/02/2018","$0.01","07/02/2018","Data","$0.01","01/01/1970","Data 2","Correction 2","Data","Correction","Correction 3","1234","Clark Kent","01/01/1971","Data 3","Daily Reporter","555-555-5555","07/02/2018","07/02/2018"
"111-22-3333","NSA","NSA Payroll","Hidden","John Doe","Because we like you","07/02/2018","$0.01","07/02/2018","Data","$0.01","01/01/1970","Data 2","Correction 2","Data","Correction","Correction 3","1234","Clark Kent","01/01/1971","Data 3","Daily Reporter","555-555-5555","07/02/2018","07/02/2018"
"111-22-3333","NSA","NSA Payroll","Hidden","John Doe","Because we like you","07/02/2018","$0.01","07/02/2018","Data","$0.01","01/01/1970","Data 2","Correction 2","Data","Correction","Correction 3","1234","Clark Kent","01/01/1971","Data 3","Daily Reporter","555-555-5555","07/02/2018","07/02/2018"
"111-22-3333","NSA","NSA Payroll","Hidden","John Doe","Because we like you","07/02/2018","$0.01","07/02/2018","Data","$0.01","01/01/1970","Data 2","Correction 2","Data","Correction","Correction 3","1234","Clark Kent","01/01/1971","Data 3","Daily Reporter","555-555-5555","07/02/2018","07/02/2018"
"111-22-3333","NSA","NSA Payroll","Hidden","John Doe","Because we like you","07/02/2018","$0.01","07/02/2018","Data","$0.01","01/01/1970","Data 2","Correction 2","Data","Correction","Correction 3","1234","Clark Kent","01/01/1971","Data 3","Daily Reporter","555-555-5555","07/02/2018","07/02/2018"
"111-22-3333","NSA","NSA Payroll","Hidden","John Doe","Because we like you","07/02/2018","$0.01","07/02/2018","Data","$0.01","01/01/1970","Data 2","Correction 2","Data","Correction","Correction 3","1234","Clark Kent","01/01/1971","Data 3","Daily Reporter","555-555-5555","07/02/2018","07/02/2018"
"111-22-3333","NSA","NSA Payroll","Hidden","John Doe","Because we like you","07/02/2018","$0.01","07/02/2018","Data","$0.01","01/01/1970","Data 2","Correction 2","Data","Correction","Correction 3","1234","Clark Kent","01/01/1971","Data 3","Daily Reporter","555-555-5555","07/02/2018","07/02/2018"
"111-22-3333","NSA","NSA Payroll","Hidden","John Doe","Because we like you","07/02/2018","$0.01","07/02/2018","Data","$0.01","01/01/1970","Data 2","Correction 2","Data","Correction","Correction 3","1234","Clark Kent","01/01/1971","Data 3","Daily Reporter","555-555-5555","07/02/2018","07/02/2018"
"111-22-3333","NSA","NSA Payroll","Hidden","John Doe","Because we like you","07/02/2018","$0.01","07/02/2018","Data","$0.01","01/01/1970","Data 2","Correction 2","Data","Correction","Correction 3","1234","Clark Kent","01/01/1971","Data 3","Daily Reporter","555-555-5555","07/02/2018","07/02/2018"
"111-22-3333","NSA","NSA Payroll","Hidden","John Doe","Because we like you","07/02/2018","$0.01","07/02/2018","Data","$0.01","01/01/1970","Data 2","Correction 2","Data","Correction","Correction 3","1234","Clark Kent","01/01/1971","Data 3","Daily Reporter","555-555-5555","07/02/2018","07/02/2018"
"111-22-3333","NSA","NSA Payroll","Hidden","John Doe","Because we like you","07/02/2018","$0.01","07/02/2018","Data","$0.01","01/01/1970","Data 2","Correction 2","Data","Correction","Correction 3","1234","Clark Kent","01/01/1971","Data 3","Daily Reporter","555-555-5555","07/02/2018","07/02/2018"
"111-22-3333","NSA","NSA Payroll","Hidden","John Doe","Because we like you","07/02/2018","$0.01","07/02/2018","Data","$0.01","01/01/1970","Data 2","Correction 2","Data","Correction","Correction 3","1234","Clark Kent","01/01/1971","Data 3","Daily Reporter","555-555-5555","07/02/2018","07/02/2018"
"111-22-3333","NSA","NSA Payroll","Hidden","John Doe","Because we like you","07/02/2018","$0.01","07/02/2018","Data","$0.01","01/01/1970","Data 2","Correction 2","Data","Correction","Correction 3","1234","Clark Kent","01/01/1971","Data 3","Daily Reporter","555-555-5555","07/02/2018","07/02/2018"
"111-22-3333","NSA","NSA Payroll","Hidden","John Doe","Because we like you","07/02/2018","$0.01","07/02/2018","Data","$0.01","01/01/1970","Data 2","Correction 2","Data","Correction","Correction 3","1234","Clark Kent","01/01/1971","Data 3","Daily Reporter","555-555-5555","07/02/2018","07/02/2018"
"111-22-3333","NSA","NSA Payroll","Hidden","John Doe","Because we like you","07/02/2018","$0.01","07/02/2018","Data","$0.01","01/01/1970","Data 2","Correction 2","Data","Correction","Correction 3","1234","Clark Kent","01/01/1971","Data 3","Daily Reporter","555-555-5555","07/02/2018","07/02/2018"
"111-22-3333","NSA","NSA Payroll","Hidden","John Doe","Because we like you","07/02/2018","$0.01","07/02/2018","Data","$0.01","01/01/1970","Data 2","Correction 2","Data","Correction","Correction 3","1234","Clark Kent","01/01/1971","Data 3","Daily Reporter","555-555-5555","07/02/2018","07/02/2018"
"111-22-3333","NSA","NSA Payroll","Hidden","John Doe","Because we like you","07/02/2018","$0.01","07/02/2018","Data","$0.01","01/01/1970","Data 2","Correction 2","Data","Correction","Correction 3","1234","Clark Kent","01/01/1971","Data 3","Daily Reporter","555-555-5555","07/02/2018","07/02/2018"
"111-22-3333","NSA","NSA Payroll","Hidden","John Doe","Because we like you","07/02/2018","$0.01","07/02/2018","Data","$0.01","01/01/1970","Data 2","Correction 2","Data","Correction","Correction 3","1234","Clark Kent","01/01/1971","Data 3","Daily Reporter","555-555-5555","07/02/2018","07/02/2018"
"111-22-3333","NSA","NSA Payroll","Hidden","John Doe","Because we like you","07/02/2018","$0.01","07/02/2018","Data","$0.01","01/01/1970","Data 2","Correction 2","Data","Correction","Correction 3","1234","Clark Kent","01/01/1971","Data 3","Daily Reporter","555-555-5555","07/02/2018","07/02/2018"
"111-22-3333","NSA","NSA Payroll","Hidden","John Doe","Because we like you","07/02/2018","$0.01","07/02/2018","Data","$0.01","01/01/1970","Data 2","Correction 2","Data","Correction","Correction 3","1234","Clark Kent","01/01/1971","Data 3","Daily Reporter","555-555-5555","07/02/2018","07/02/2018"
"111-22-3333","NSA","NSA Payroll","Hidden","John Doe","Because we like you","07/02/2018","$0.01","07/02/2018","Data","$0.01","01/01/1970","Data 2","Correction 2","Data","Correction","Correction 3","1234","Clark Kent","01/01/1971","Data 3","Daily Reporter","555-555-5555","07/02/2018","07/02/2018"
"111-22-3333","NSA","NSA Payroll","Hidden","John Doe","Because we like you","07/02/2018","$0.01","07/02/2018","Data","$0.01","01/01/1970","Data 2","Correction 2","Data","Correction","Correction 3","1234","Clark Kent","01/01/1971","Data 3","Daily Reporter","555-555-5555","07/02/2018","07/02/2018"
"111-22-3333","NSA","NSA Payroll","Hidden","John Doe","Because we like you","07/02/2018","$0.01","07/02/2018","Data","$0.01","01/01/1970","Data 2","Correction 2","Data","Correction","Correction 3","1234","Clark Kent","01/01/1971","Data 3","Daily Reporter","555-555-5555","07/02/2018","07/02/2018"
"111-22-3333","NSA","NSA Payroll","Hidden","John Doe","Because we like you","07/02/2018","$0.01","07/02/2018","Data","$0.01","01/01/1970","Data 2","Correction 2","Data","Correction","Correction 3","1234","Clark Kent","01/01/1971","Data 3","Daily Reporter","555-555-5555","07/02/2018","07/02/2018"
"111-22-3333","NSA","NSA Payroll","Hidden","John Doe","Because we like you","07/02/2018","$0.01","07/02/2018","Data","$0.01","01/01/1970","Data 2","Correction 2","Data","Correction","Correction 3","1234","Clark Kent","01/01/1971","Data 3","Daily Reporter","555-555-5555","07/02/2018","07/02/2018"
"111-22-3333","NSA","NSA Payroll","Hidden","John Doe","Because we like you","07/02/2018","$0.01","07/02/2018","Data","$0.01","01/01/1970","Data 2","Correction 2","Data","Correction","Correction 3","1234","Clark Kent","01/01/1971","Data 3","Daily Reporter","555-555-5555","07/02/2018","07/02/2018"
"111-22-3333","NSA","NSA Payroll","Hidden","John Doe","Because we like you","07/02/2018","$0.01","07/02/2018","Data","$0.01","01/01/1970","Data 2","Correction 2","Data","Correction","Correction 3","1234","Clark Kent","01/01/1971","Data 3","Daily Reporter","555-555-5555","07/02/2018","07/02/2018"
"111-22-3333","NSA","NSA Payroll","Hidden","John Doe","Because we like you","07/02/2018","$0.01","07/02/2018","Data","$0.01","01/01/1970","Data 2","Correction 2","Data","Correction","Correction 3","1234","Clark Kent","01/01/1971","Data 3","Daily Reporter","555-555-5555","07/02/2018","07/02/2018"
"111-22-3333","NSA","NSA Payroll","Hidden","John Doe","Because we like you","07/02/2018","$0.01","07/02/2018","Data","$0.01","01/01/1970","Data 2","Correction 2","Data","Correction","Correction 3","1234","Clark Kent","01/01/1971","Data 3","Daily Reporter","555-555-5555","07/02/2018","07/02/2018"
"111-22-3333","NSA","NSA Payroll","Hidden","John Doe","Because we like you","07/02/2018","$0.01","07/02/2018","Data","$0.01","01/01/1970","Data 2","Correction 2","Data","Correction","Correction 3","1234","Clark Kent","01/01/1971","Data 3","Daily Reporter","555-555-5555","07/02/2018","07/02/2018"